section,title,date,page,url,relate_stock,real_title,contents,datetime
공시/메모,"HD한국조선해양, 여객선 2척 건조계약 해지…4천169억원 규모",2024-02-13,1,https://n.news.naver.com/mnews/article/001/0014503103,"['HD한국조선해양', 'HD현대']","HD한국조선해양, 여객선 2척 건조계약 해지…4천169억원 규모","(서울=연합뉴스) 김보경 기자 = HD현대의 조선 중간 지주사인 HD한국조선해양은 뉴질랜드 키위레일사(社)와 체결한 여객선 2척에 대한 건조 계약이 해지됐다고 13일 공시했다. 계약은 선주사 측 요청으로 해지됐다. 총계약 규모는 4천169억원이다. HD한국조선해양은 지난 2021년 선박을 수주했다. HD한국조선해양 관계자는 ""계약 취소된 선박 2척은 착공 전으로, 이미 투입된 설계비용 청구 등 계약 취소에 따른 세부 협의는 향후 진행할 예정이다""라고 말했다. HD한국조선해양이 건조한 여객선 [HD한국조선해양 제공. 재판매 및 DB 금지] vivid@yna.co.kr",2024-02-13 18:20
공시/메모,"한국정보통신, 작년 영업익 356억…전년比 32%↑",2024-02-13,1,https://n.news.naver.com/mnews/article/018/0005672545,[],"한국정보통신, 작년 영업익 356억…전년比 32%↑","[이데일리 김보겸 기자] 한국정보통신(025770)은 연결 기준 작년 영업이익이 전년 대비 31.6% 증가한 356억원으로 집계됐다고 13일 공시했다. 같은 기간 매출액은 21.8% 늘어난 7252억원, 당기순이익은 38.1% 늘어난 300억원을 기록했다.",2024-02-13 19:02
공시/메모,"베셀, 작년 영업손실 125억…전년比 91% ↑",2024-02-13,1,https://n.news.naver.com/mnews/article/018/0005672540,[],"베셀, 작년 영업손실 125억…전년比 91% ↑","[이데일리 김보겸 기자] 베셀(177350)은 연결 기준 작년 영업손실이 전년 대비 91.2% 늘어난 125억원을 기록했다고 13일 공시했다. 같은 기간 매출액은 40.7% 감소한 261억원, 당기순손실은 62.3% 늘어난 228억원으로 집계됐다.",2024-02-13 18:54
공시/메모,"AP위성, 지난해 영업이익 100억…전년比 124%↑",2024-02-13,1,https://n.news.naver.com/mnews/article/277/0005379269,[],"AP위성, 지난해 영업이익 100억…전년比 124%↑","AP위성은 개별 기준 지난해 영업이익이 전년 대비 124.09% 증가한 100억원을 기록했다고 13일 공시했다.같은 기간 매출액은 7.78% 감소한 494억원, 당기순이익은 157.88% 증가한 105억원으로 집계됐다.",2024-02-13 18:14
공시/메모,"유진이엔티, 3219억 규모 유상증자 결정",2024-02-13,1,https://n.news.naver.com/mnews/article/277/0005379268,[],"유진이엔티, 3219억 규모 유상증자 결정",유진기업은 종속회사인 유진이엔티가 타법인 주식(와이티엔)을 취득하기 위한 자금 3199억원과 운영자금 20억원을 조달하기 위해 3219만주의 신주를 발행하는 주주배정 유상증자를 결정했다고 13일 공시했다.,2024-02-13 18:13
공시/메모,"디아이티, 작년 영업익 87억…전년比 58%↑",2024-02-13,1,https://n.news.naver.com/mnews/article/018/0005672519,[],"디아이티, 작년 영업익 87억…전년比 58%↑","[이데일리 김보겸 기자] 디아이티(110990)는 연결 기준 작년 영업이익이 57.8% 증가한 87억원으로 집계됐다고 13일 공시했다.같은 기간 매출액은 19.4% 감소한 1070억원, 당기순이익은 40.1% 증가한 129억원을 기록했다.",2024-02-13 18:12
공시/메모,"케이엔에스, 작년 영업익 39억…전년比 35% ↓",2024-02-13,1,https://n.news.naver.com/mnews/article/018/0005672517,[],"케이엔에스, 작년 영업익 39억…전년比 35% ↓","[이데일리 김보겸 기자] 케이엔에스(432470)는 연결 기준 작년 영업이익이 34.8% 감소한 39억원으로 집계됐다고 13일 공시했다. 같은 기간 매출액은 13.5% 감소한 300억원, 당기순이익은 44.1% 감소한 27억원으로 집계됐다.",2024-02-13 18:10
공시/메모,"성도이엔지, 지난해 영업이익 136억…흑자 전환",2024-02-13,1,https://n.news.naver.com/mnews/article/277/0005379265,[],"성도이엔지, 지난해 영업이익 136억…흑자 전환",성도이엔지는 지난해 연결 영업이익이 136억원을 기록해 전년 대비 흑자 전환했다고 13일 공시했다.같은 기간 매출액은 6811억원으로 3.5% 감소했고 당기순이익은 25억원으로 235.8% 늘었다.한편 성도이엔지는 이날 주당 100원을 지급하는 결산 배당을 결정했다. 배당금 총액은 14억원으로 배당 기준일은 작년 12월31일이다.,2024-02-13 18:09
공시/메모,"AP위성, 작년 영업익 100억…전년比 124%↑",2024-02-13,1,https://n.news.naver.com/mnews/article/018/0005672514,[],"AP위성, 작년 영업익 100억…전년比 124%↑","[이데일리 김보겸 기자] AP위성(211270)은 개별 기준 작년 영업이익이 전년대비 124.09% 증가한 100억원을 기록했다고 13일 공시했다. 같은 기간 매출액은 7.78% 감소한 494억원, 당기순이익은 157.88% 증가한 105억원으로 집계됐다.",2024-02-13 18:09
공시/메모,"휴림에이텍, 작년 영업익 48억…전년比 86%↑",2024-02-13,1,https://n.news.naver.com/mnews/article/018/0005672513,[],"휴림에이텍, 작년 영업익 48억…전년比 86%↑",[이데일리 김보겸 기자] 휴림에이텍(078590)은 작년 영업이익이 48억원을 기록해 전년 대비 85.97% 증가했다고 13일 공시했다.같은 기간 매출액은 637억원으로 46.22% 증가했고 당기순이익은 81억원으로 16.90% 감소했다,2024-02-13 18:08
공시/메모,NHN 작년 영업이익 555억원…전년 대비 42.2%↑(종합),2024-02-13,1,https://n.news.naver.com/mnews/article/001/0014503083,[],NHN 작년 영업이익 555억원…전년 대비 42.2%↑(종합),"""안정적인 게임 매출 속 결제·광고·기술 성장"" NHN 전경[NHN 제공] (서울=연합뉴스) 김주환 기자 = NHN은 연결 기준 작년 한 해 영업이익이 555억원으로 전년보다 42.2% 증가한 것으로 잠정 집계됐다고 13일 공시했다. 매출은 2조2천696억원으로 전년 대비 7.3% 증가했다. 순손실은 90억원으로 전년 318억원 대비 적자 폭이 축소됐다. 4분기 영업손실은 78억원으로 전년 동기(영업이익 100억원)와 비교해 적자 전환했다. 이는 연합인포맥스가 집계한 시장 전망치(영업이익 117억원)와 크게 엇갈렸다. 이 분기 매출은 5천983억원이었으며 순손실은 579억원이었다. NHN은 연간 실적과 관련해 ""게임사업이 안정적으로 매출에 기여한 가운데 결제·광고, 기술 등 주요 사업 매출이 늘었다""며 ""매출 연동 비용이 늘어났음에도 광고선전비 등 비용이 줄어들면서 순손실도 감소했다""고 밝혔다. NHN은 14일 2023년도 4분기 및 연간 실적발표를 통해 구체적인 경영 실적과 올해 계획을 밝힐 예정이다. jujuk@yna.co.kr",2024-02-13 18:02
공시/메모,"대한약품, 주당 750원 결산 현금배당 결정",2024-02-13,1,https://n.news.naver.com/mnews/article/018/0005672511,[],"대한약품, 주당 750원 결산 현금배당 결정",[이데일리 김보겸 기자] 대한약품(023910)은 주당 750원을 지급하는 결산 현금배당을 결정했다고 13일 공시했다.배당금 총액은 44억원으로 배당 기준일은 지난해 12월31일이다.,2024-02-13 18:07
공시/메모,"GST, 주당 500원 결산 현금배당 결정",2024-02-13,1,https://n.news.naver.com/mnews/article/018/0005672509,['GS'],"GST, 주당 500원 결산 현금배당 결정",[이데일리 김보겸 기자] GST(083450)는 주당 500원을 지급하는 결산 현금배당을 결정했다고 13일 공시했다.배당금 총액은 45억원으로 배당 기준일은 지난해 12월31일이다,2024-02-13 18:06
공시/메모,"토마토시스템, 주당 90원 결산 현금배당 결정",2024-02-13,1,https://n.news.naver.com/mnews/article/018/0005672508,[],"토마토시스템, 주당 90원 결산 현금배당 결정",[이데일리 김보겸 기자] 토마토시스템(393210)은 주당 90원을 지급하는 결산 현금배당을 결정했다고 13일 공시했다.배당금 총액은 14억원으로 배당 기준일은 지난해 12월31일이다.,2024-02-13 18:05
공시/메모,"성도이엔지, 작년 영업익 136억…흑자전환",2024-02-13,1,https://n.news.naver.com/mnews/article/018/0005672506,[],"성도이엔지, 작년 영업익 136억…흑자전환",주당 100원 결산 현금배당 결정[이데일리 김보겸 기자] 성도이엔지(037350)는 작년 연결 영업이익이 136억원을 기록해 전년 대비 흑자 전환했다고 13일 공시했다.같은 기간 매출액은 6811억원으로 3.5% 감소했고 당기순이익은 25억원으로 235.8% 늘었다.한편 성도이엔지는 이날 주당 100원을 지급하는 결산 배당을 결정했다. 배당금 총액은 14억원으로 배당 기준일은 작년 12월31일이다.,2024-02-13 18:04
공시/메모,"체리부로, 작년 영업익 215억…전년比 30% ↑",2024-02-13,1,https://n.news.naver.com/mnews/article/018/0005672503,[],"체리부로, 작년 영업익 215억…전년比 30% ↑",[이데일리 김보겸 기자] 체리부로(066360)는 작년 연결 영업이익이 215억원을 기록해 전년 대비 30.3% 증가했다고 13일 공시했다.같은 기간 매출액은 3991억원으로 0.8% 감소했고 당기순이익은 141억원으로 54.3% 늘었다.,2024-02-13 18:03
공시/메모,"거래소, 동일철강 주권매매거래 정지",2024-02-13,1,https://n.news.naver.com/mnews/article/018/0005672501,[],"거래소, 동일철강 주권매매거래 정지",[이데일리 김보겸 기자] 한국거래소 코스닥시장본부는 관리종목 지정 우려로 동일철강(023790)에 대해 주권매매거래를 정지했다고 13일 공시했다. 정지기간은 이날 오후 2시44분부터 장 종료시까지다.,2024-02-13 18:02
공시/메모,"동일철강, 작년 영업손실 32억…적자전환",2024-02-13,1,https://n.news.naver.com/mnews/article/018/0005672500,[],"동일철강, 작년 영업손실 32억…적자전환",[이데일리 김보겸 기자] 동일철강(023790)은 작년 영업손실이 32억원을 기록해 전년 대비 적자 전환했다고 13일 공시했다.같은 기간 매출액은 215억원으로 33.4% 감소했고 당기순손실은 202억원으로 전년 대비 29.4% 증가했다.,2024-02-13 18:01
공시/메모,NHN 지난해 영업이익 555억원…전년 대비 42.2%↑,2024-02-13,1,https://n.news.naver.com/mnews/article/277/0005379262,[],NHN 지난해 영업이익 555억원…전년 대비 42.2%↑,NHN은 연결 기준 작년 한 해 영업이익이 555억원으로 전년보다 42.2% 증가한 것으로 잠정 집계됐다고 13일 공시했다.매출은 2조2696억원으로 전년 대비 7.3% 증가했다. 순손실은 90억원으로 적자 폭이 축소됐다.4분기 영업손실은 78억원으로 전년 동기(영업이익 100억원)와 비교해 적자 전환했다. 이 분기 매출은 5983억원이었으며 순손실은 579억원이었다.,2024-02-13 18:00
공시/메모,"바이오에프디엔씨, 작년 영업익 51억…전년比 5%↑",2024-02-13,1,https://n.news.naver.com/mnews/article/018/0005672497,[],"바이오에프디엔씨, 작년 영업익 51억…전년比 5%↑",[이데일리 김보겸 기자] 바이오에프디엔씨(251120)는 작년 영업이익이 51억원을 기록해 전년 대비 4.7% 증가했다고 13일 공시했다.같은 기간 매출액은 156억원으로 1.7% 감소했고 당기순이익은 56억원으로 30.2% 늘었다.,2024-02-13 17:59
공시/메모,NHN 작년 영업이익 555억원…전년 대비 42.2%↑,2024-02-13,2,https://n.news.naver.com/mnews/article/001/0014503075,[],NHN 작년 영업이익 555억원…전년 대비 42.2%↑,(서울=연합뉴스) 코스피 상장사 NHN은 연결 기준 작년 한 해 영업이익이 555억원으로 전년보다 42.2% 증가한 것으로 잠정 집계됐다고 13일 공시했다. 매출은 2조2천696억원으로 전년 대비 7.3% 증가했다. 순손실은 90억원으로 적자 폭이 축소됐다. 4분기 영업손실은 78억원으로 전년동기(영업이익 100억원)와 비교해 적자 전환했다. 이는 연합인포맥스가 집계한 시장 전망치(영업이익 117억원)와 크게 엇갈렸다. 이 분기 매출은 5천983억원이었으며 순손실은 579억원이었다. NHN 전경[NHN 제공] stock_news@yna.co.kr,2024-02-13 17:55
공시/메모,"젬백스, 진행성 핵상마비 치료제 美 임상 2상 계획 승인",2024-02-13,2,https://n.news.naver.com/mnews/article/018/0005672496,[],"젬백스, 진행성 핵상마비 치료제 美 임상 2상 계획 승인",[이데일리 김보겸 기자] 젬백스(082270)는 미국 식품의약청(FDA)으로부터 진행성 핵상 마비(PSP) 치료제 후보물질 ‘GV1001’의 임상 2상 시험 계획(IND)을 승인받았다고 13일 밝혔다.,2024-02-13 17:58
공시/메모,"가온칩스, 작년 영업익 44억…전년比 12% ↑",2024-02-13,2,https://n.news.naver.com/mnews/article/018/0005672495,[],"가온칩스, 작년 영업익 44억…전년比 12% ↑","[이데일리 김보겸 기자] 가온칩스(399720)는 작년 연결 영업이익이 44억원으로 전년 대비 11.90% 증가했다고 13일 공시했다.같은 기간 매출액과 순이익은 636억원, 63억원으로 각각 46.81%, 43.24% 늘었다.",2024-02-13 17:57
공시/메모,"밸로프, 작년 영업익 2억…전년比 94%↓",2024-02-13,2,https://n.news.naver.com/mnews/article/018/0005672492,[],"밸로프, 작년 영업익 2억…전년比 94%↓",[이데일리 김보겸 기자] 밸로프(331520)는 작년 연결 영업이익이 2억원으로 전년 대비 94.17% 감소했다고 13일 공시했다.같은 기간 매출액은 359억원으로 17.28% 증가했고 순이익은 9억원으로 43.09% 줄었다.,2024-02-13 17:56
공시/메모,"뉴인텍, 지난해 영업손실 111억…전년 대비 35%↑",2024-02-13,2,https://n.news.naver.com/mnews/article/277/0005379258,[],"뉴인텍, 지난해 영업손실 111억…전년 대비 35%↑",뉴인텍은 작년 연결기준 영업손실이 111억원을 기록해 전년 대비 35.02% 증가했다고 13일 공시했다.같은 기간 매출액은 791억원으로 5.01% 증가했고 당기순손실은 128억원으로 33.15% 늘었다.,2024-02-13 17:55
공시/메모,"싸이버원, 29억 규모 지자체 정보보호 컨설팅계약 체결",2024-02-13,2,https://n.news.naver.com/mnews/article/018/0005672491,[],"싸이버원, 29억 규모 지자체 정보보호 컨설팅계약 체결",[이데일리 김보겸 기자] 싸이버원(356890)은 지역정보개발원과 29억원 규모의 2024년 지자체 주요정보통신기반시설 및 기초 지자체 정보보호 컨설팅계약을 체결했다고 13일 공시했다.이는 최근 대비 12.63%에 해당하는 규모다. 계약기간은 올해 말까지다.,2024-02-13 17:54
공시/메모,"와이지-원, 주당 280원 결산 현금배당 결정",2024-02-13,2,https://n.news.naver.com/mnews/article/018/0005672490,[],"와이지-원, 주당 280원 결산 현금배당 결정",[이데일리 김보겸 기자] =와이지-원은 보통주 및 종류주 1주당 280원을 지급하는 결산 배당을 결정했다고 13일 공시했다.배당금 총액은 96억원으로 배당 기준일은 작년 12월31일이다.,2024-02-13 17:53
공시/메모,"안랩, 지난해 영업이익 264억원…전년 대비 2.09%↓",2024-02-13,2,https://n.news.naver.com/mnews/article/277/0005379255,[],"안랩, 지난해 영업이익 264억원…전년 대비 2.09%↓","안랩은 지난해 연결 기준 매출액 2392억105만원, 영업이익 264억2253만원을 기록했다고 13일 공시했다.전년 대비 매출은 4.92% 늘었고, 영업이익은 2.09% 감소했다.별도 기준 매출은 2298억원, 영업이익은 323억원이다. 이는 전년 대비 각각 6.2%, 10.6% 증가한 수치다.",2024-02-13 17:52
공시/메모,"지오엘리먼트, 작년 영업익 8억…전년比 90%↓",2024-02-13,2,https://n.news.naver.com/mnews/article/018/0005672489,[],"지오엘리먼트, 작년 영업익 8억…전년比 90%↓","[이데일리 김보겸 기자] 지오엘리먼트(311320)는 개별 기준 작년 영업이익이 8억원을 기록해 전년 대비 89.6% 감소했다고 13일 공시했다.같은 기간 매출액과 순이익은 178억원, 22억원으로 각각 37.8%, 66.7% 줄었다.",2024-02-13 17:52
공시/메모,"레이크머티리얼즈, 지난해 영업이익 295억…전년 대비 17%↓",2024-02-13,2,https://n.news.naver.com/mnews/article/277/0005379254,[],"레이크머티리얼즈, 지난해 영업이익 295억…전년 대비 17%↓",레이크머티리얼즈는 지난해 연결 기준 영업이익이 295억원으로 전년보다 16.6% 감소한 것으로 잠정 집계됐다고 13일 공시했다.같은 기간 매출은 1178억원으로 10.4% 감소했다. 순이익은 243억원으로 10.7% 줄었다.,2024-02-13 17:51
공시/메모,CJ제일제당 지난해 영업이익 1조2916억…전년 대비 22%↓,2024-02-13,2,https://n.news.naver.com/mnews/article/277/0005379252,['CJ제일제당'],CJ제일제당 지난해 영업이익 1조2916억…전년 대비 22%↓,CJ제일제당은 연결 기준 지난해 영업이익이 1조2916억원으로 전년보다 22.4% 감소한 것으로 잠정 집계됐다고 13일 공시했다.매출은 29조235억원으로 3.5% 감소했다. 순이익은 5595억원으로 30.3% 줄었다.4분기 영업이익은 2983억원으로 전년 동기보다 24% 늘었다. 4분기 매출과 순이익은 각각 7조2894억원과 1519억원이었다.,2024-02-13 17:50
공시/메모,"아비코전자, 주당 50원 결산 현금배당 결정",2024-02-13,2,https://n.news.naver.com/mnews/article/018/0005672486,[],"아비코전자, 주당 50원 결산 현금배당 결정",[이데일리 김보겸 기자] 아비코전자(036010)는 주당 50원을 지급하는 결산 배당을 결정했다고 13일 공시했다.배당금 총액은 7억원으로 배당 기준일은 작년 12월31일이다,2024-02-13 17:50
공시/메모,"뉴인텍, 작년 영업손실 111억…전년比 35%↑",2024-02-13,2,https://n.news.naver.com/mnews/article/018/0005672483,[],"뉴인텍, 작년 영업손실 111억…전년比 35%↑",[이데일리 김보겸 기자] 뉴인텍(012340)은 작년 연결기준 영업손실이 111억원을 기록해 전년 대비 35.02% 증가했다고 13일 공시했다.같은 기간 매출액은 791억원으로 5.01% 증가했고 당기순손실은 128억원으로 33.15% 늘었다.,2024-02-13 17:50
공시/메모,"웅진씽크빅, 지난해 영업이익 55억…전년 대비 79.8%↑",2024-02-13,2,https://n.news.naver.com/mnews/article/277/0005379251,[],"웅진씽크빅, 지난해 영업이익 55억…전년 대비 79.8%↑",웅진씽크빅은 지난해 영업이익이 55억7200만원으로 전년동기 대비 79.8% 줄었다고 13일 공시했다.같은 기간 매출액은 8900억원으로 4.6% 줄었고 당기순손익은 327억8100만원으로 적자전환했다.,2024-02-13 17:48
공시/메모,"레이크머티리얼즈, 작년 영업익 295억…전년比 17%↓",2024-02-13,2,https://n.news.naver.com/mnews/article/018/0005672480,[],"레이크머티리얼즈, 작년 영업익 295억…전년比 17%↓",[이데일리 김보겸 기자] 레이크머티리얼즈(281740)는 작년 연결 기준 영업이익이 295억원으로 전년보다 16.6% 감소한 것으로 잠정 집계됐다고 13일 공시했다.같은 기간 매출은 1178억원으로 10.4% 감소했다. 순이익은 243억원으로 10.7% 줄었다.,2024-02-13 17:48
공시/메모,"대성미생물, 작년 영업손실 7억…전년比 110%↓",2024-02-13,2,https://n.news.naver.com/mnews/article/018/0005672476,[],"대성미생물, 작년 영업손실 7억…전년比 110%↓",[이데일리 김보겸 기자] 대성미생물(036480)은 개별 기준 작년 영업손실이 110.4% 감소한 6억8901만원을 기록했다고 13일 공시했다.같은 기간 매출액은 0.2% 증가한 255억원을 기록했으며 당기순손실은 6억7967만원으로 적자전환했다.,2024-02-13 17:47
공시/메모,"한일시멘트, 지난해 영업이익 2466억…전년 대비 109%↑",2024-02-13,2,https://n.news.naver.com/mnews/article/277/0005379249,[],"한일시멘트, 지난해 영업이익 2466억…전년 대비 109%↑",한일시멘트는 지난해 영업이익이 2466억원으로 전년동기 대비 109% 증가했다고 13일 공시했다.같은 기간 매출액은 1조8006억원으로 21% 늘었고 당기순이익은 1850억원으로 111% 불어났다.,2024-02-13 17:45
공시/메모,"하이소닉, 20억 규모 CB 발행 결정",2024-02-13,2,https://n.news.naver.com/mnews/article/018/0005672474,[],"하이소닉, 20억 규모 CB 발행 결정",[이데일리 김보겸 기자] 하이소닉(106080)은 운영자금 조달을 위해 20억원 규모의 전환사채 발행을 결정했다고 13일 공시했다.만기이자율은 7.0%로 납입일은 오는 14일이다.,2024-02-13 17:45
공시/메모,"지투파워, 지난해 영업손실 8억원…적자 전환",2024-02-13,2,https://n.news.naver.com/mnews/article/277/0005379248,[],"지투파워, 지난해 영업손실 8억원…적자 전환","지투파워는 지난 연결기준 영업손실이 8억원으로 전년 대비 적자전환했다고 13일 공시했다.같은 기간 매출액은 32.2% 증가한 494억원, 당기순이익은 2.7% 증가한 7억원을 기록했다.",2024-02-13 17:44
공시/메모,"아모그린텍, 작년 영업이익 122억…전년比 39%↑",2024-02-13,2,https://n.news.naver.com/mnews/article/018/0005672472,[],"아모그린텍, 작년 영업이익 122억…전년比 39%↑","[이데일리 김보겸 기자] 아모그린텍(125210)은 작년 개별 기준 영업이익이 전년 대비 39.06% 증가한 122억원을 기록했다고 13일 공시했다. 같은 기간 매출액은 3.85% 증가한 1476억원, 당기순이익은 12.65% 증가한 128억원으로 집계됐다.",2024-02-13 17:44
공시/메모,"SK네트웍스, 지난해 영업익 2천373억원…전년보다 33.6%↑(종합)",2024-02-13,3,https://n.news.naver.com/mnews/article/001/0014502944,['SK'],"SK네트웍스, 지난해 영업익 2천373억원…전년보다 33.6%↑(종합)","정기 배당액 200원으로 높이고 자사주 6.1% 소각 SK네트웍스 CI[SK네트웍스 제공](서울=연합뉴스) 이슬기 기자 = SK네트웍스는 지난해 영업이익이 전년보다 33.6% 증가한 2천373억원으로 잠정 집계됐다고 13일 공시했다. 매출은 9조1천339억원으로 전년보다 3.1% 줄었다. 지난해 4분기 매출은 2조4천71억원, 영업이익은 505억원을 기록했다. 워커힐 및 주요 투자사의 체질 개선을 바탕으로 수익이 본격적으로 확대했다고 SK네트웍스는 분석했다. 이와 함께 SK네트웍스는 주주가치 제고를 위해 정기 배당액을 높이고, 자사주 6.1%를 소각하기로 했다 SK네트웍스 이사회는 이날 기존에 보통주당 120원(우선주 145원)이었던 정기 배당을 200원(우선주 225원)으로 높이는 안건을 의결했다. 또 다음 달 초에는 1천450만363주의 자사주를 소각한다. 이는 전체 주식의 6.1% 규모로, 평균 취득단가 기준 770억원 규모에 이른다. 앞서 SK네트웍스는 지난해 자사주 5%를 소각한 바 있다. 이호정 SK네트웍스 대표이사는 ""어려운 환경 가운데 호실적을 만들어낸 지난해에 이어 올해 인공지능(AI) 중심의 사업형 투자회사로서 더욱 확실하고 빠르게 혁신을 추진할 것""이라며 ""경영층의 의지를 담아 시행하는 주주환원 정책이 더 큰 가치 창출과 기업 가치 향상으로 이어지도록 하겠다""고 밝혔다. wise@yna.co.kr",2024-02-13 17:02
공시/메모,"지투파워, 작년 영업손실 8억원…적자전환",2024-02-13,3,https://n.news.naver.com/mnews/article/018/0005672468,[],"지투파워, 작년 영업손실 8억원…적자전환","[이데일리 김보겸 기자] 지투파워(388050)는 작년 연결기준 영업손실이 8억원으로 전년 대비 적자전환했다고 13일 공시했다. 같은 기간 매출액은 32.2% 증가한 494억원, 당기순이익은 2.7% 증가한 7억원을 기록했다.",2024-02-13 17:42
공시/메모,"거래소, 파멥신 실질심사 대상 조사기간 연장",2024-02-13,3,https://n.news.naver.com/mnews/article/018/0005672467,[],"거래소, 파멥신 실질심사 대상 조사기간 연장",[이데일리 김보겸 기자] 한국거래소 코스닥시장본부는 13일 파멥신(208340) 실질심사 대상여부 결정을 위한 조사기간을 연장한다고 밝혔다. 애초 13일까지였던 조사기간을 내달 6일까지 연장한다.,2024-02-13 17:41
공시/메모,"CS, 58억 규모 5G 광중계기외 공급계약",2024-02-13,3,https://n.news.naver.com/mnews/article/018/0005672465,"['SK', 'SK텔레콤']","CS, 58억 규모 5G 광중계기외 공급계약",[이데일리 김보겸 기자] CS(065770)는 SK텔레콤(017670)과 약 58억원 규모 5G 광중계기외 공급 계약을 맺었다고 13일 공시했다. 이는 최근 매출액의 16.63%에 해당하는 규모다. 계약기간은 지난 8일부터 5월31일까지다.,2024-02-13 17:39
공시/메모,"유진테크놀로지, 71억 규모 전환사채 평가손실 발생",2024-02-13,3,https://n.news.naver.com/mnews/article/018/0005672463,[],"유진테크놀로지, 71억 규모 전환사채 평가손실 발생",[이데일리 김보겸 기자] 유진테크놀로지(240600)는 71억원 규모 파생상품금융부채(전환사채) 평가손실이 발생했다고 13일 공시했다. 이는 자기자본대비 14.7% 규모다. 회사 측은 “주가 상승으로 전환사채 전환가격과 주가간 차이로 인해 파생상품 거래손실을 인식했다”고 설명했다.,2024-02-13 17:38
공시/메모,"디엔에프, 주당 200원 결산 현금배당 결정",2024-02-13,3,https://n.news.naver.com/mnews/article/018/0005672460,[],"디엔에프, 주당 200원 결산 현금배당 결정",[이데일리 김보겸 기자] 디엔에프(092070)는 주당 200원 결산 현금배당을 결정했다고 13일 공시했다.시가배당율은 0.87%로 배당금총액은 약 23억원이다. 배당기준일은 지난해 12월31일이다.,2024-02-13 17:35
공시/메모,"엑셈, 자기주식 전량 현물배당 결정",2024-02-13,3,https://n.news.naver.com/mnews/article/018/0005672456,[],"엑셈, 자기주식 전량 현물배당 결정",[이데일리 김보겸 기자] 엑셈(205100)은 보통주 1주당 자기주식 0.01125757주 현물배당을 결정했다고 13일 공시했다. 자기주식 전량(80만1115주) 현물배당이다. 주당 배당금은 28원으로 배당금 총액은 약 20억원이다.,2024-02-13 17:33
공시/메모,"엑셈, 작년 영업익 47억…전년比 62%↓",2024-02-13,3,https://n.news.naver.com/mnews/article/018/0005672391,[],"엑셈, 작년 영업익 47억…전년比 62%↓","[이데일리 김보겸 기자] 엑셈(205100)은 작년 연결기준 영업이익이 전년 대비 61.8% 감소한 47억원을 기록했다고 13일 공시했다. 같은 기간 매출액은 2.8% 감소한 535억원, 당기순이익은 3.9% 증가한 99억원으로 집계됐다.",2024-02-13 16:26
공시/메모,"에프에스티, 주당 50원 결산 현금배당",2024-02-13,3,https://n.news.naver.com/mnews/article/018/0005672389,[],"에프에스티, 주당 50원 결산 현금배당",[이데일리 김보겸 기자] 에프에스티(036810)는 주당 50원 결산 현금배당을 결정했다고 13일 공시했다. 시가배당율은 0.2%이며 배당금총액은 9억7982만원이다. 배당기준일은 작년 12월31일이다.,2024-02-13 16:25
공시/메모,"바이오플러스, 주당 70원 결산 현금배당 결정",2024-02-13,3,https://n.news.naver.com/mnews/article/018/0005672387,[],"바이오플러스, 주당 70원 결산 현금배당 결정",[이데일리 김보겸 기자] 바이오플러스(099430)는 주당 70원 결산 현금배당을 결정했다고 13일 공시했다. 시가배당율은 1.0%이며 배당금총액은 약 42억원이다. 배당기준일은 작년 12월31일이다.,2024-02-13 16:24
공시/메모,"한신공영, 작년 영업이익 121억원…전년 대비 69%↓",2024-02-13,3,https://n.news.naver.com/mnews/article/001/0014502684,[],"한신공영, 작년 영업이익 121억원…전년 대비 69%↓","매출액 1조3천억원 7%↑, 당기순이익 208억원 48%↓ 한신공영 본사[한신공영 제공. 재판매 및 DB 금지](서울=연합뉴스) 김희선 기자 = 한신공영은 연결 기준 작년 영업이익이 120억원으로 전년보다 69% 감소한 것으로 잠정 집계됐다고 13일 공시했다. 매출액은 1조3천67억원으로 전년 대비 7% 늘었고, 당기순이익은 208억원으로 48% 감소했다. 작년 말 부채비율은 연결 기준 228%로 2022년 말에 비해 5%포인트 높아졌지만, 작년 3분기 말과 비교하면 18%포인트 낮아졌다. 별도 기준 작년 말 부채비율은 지난해 3분기 말보다 23%포인트 하락한 158%를 기록했다. 회사 측은 ""분양률 90%를 넘어선 포항 한신더휴 펜타시티, 아산 한신더휴 등 2개 자체 사업장의 공사 진행에 따라 매출액이 증가했지만, 공사비 증가에 따른 원가율 상승으로 당기순이익은 줄었다""면서 ""부채비율 감소는 차입금 등의 감소에 따른 것""이라고 설명했다. 한국신용평가에 따르면 작년 9월 기준 한신공영의 프로젝트파이낸싱(PF) 우발채무 규모는 자기자본 대비 21% 수준인 1천500억원이다. 한신공영 관계자는 ""주택사업에 집중된 다른 건설사와 달리 공공부문 매출 포트폴리오가 40% 이상이며 도시정비사업 수주에 집중해 낮은 PF 우발채무 규모를 유지하고 있다""며 ""3천억원 이상의 현금성 자산과 보유 부동산 기반의 대체 자금 능력 등을 통해 장기간 부동산 시장 침체에 대비하고 있다""고 덧붙였다. hisunny@yna.co.kr",2024-02-13 16:11
공시/메모,"에스에스알, 작년 영업익 16억…전년比 32%↓",2024-02-13,3,https://n.news.naver.com/mnews/article/018/0005672386,[],"에스에스알, 작년 영업익 16억…전년比 32%↓","[이데일리 김보겸 기자] 에스에스알(275630)은 지난해 개별 기준 영업이익이 전년 대비 31.94% 감소한 16억원을 기록했다고 13일 공시했다. 같은 기간 매출액은 2.81% 줄어든 121억원, 당기순이익은 9.35% 감소한 17억원으로 집계됐다.",2024-02-13 16:23
공시/메모,"지아이이노베이션, 작년 영업손실 536억…전년比 21%↓",2024-02-13,3,https://n.news.naver.com/mnews/article/018/0005672385,[],"지아이이노베이션, 작년 영업손실 536억…전년比 21%↓","[이데일리 김보겸 기자] 지아이이노베이션(358570)은 지난해 개별 기준 영업손실이 21.1% 감소한 536억원을 기록했다고 13일 공시했다. 같은 기간 매출액은 52% 증가한 53억원, 당기순손실은 31.8% 감소한 544억원으로 집계됐다.",2024-02-13 16:21
공시/메모,"선진뷰티사이언스, 작년 영업익 90억…전년比 70%↑",2024-02-13,3,https://n.news.naver.com/mnews/article/018/0005672384,[],"선진뷰티사이언스, 작년 영업익 90억…전년比 70%↑","[이데일리 김보겸 기자] 선진뷰티사이언스(086710)는 지난해 연결 기준 영업이익이 전년 대비 70% 증가한 90억원으로 집계됐다고 13일 공시했다.같은 기간 매출액은 12.9% 증가한 726억원, 당기순이익은 68.4% 감소한 63억원을 기록했다.",2024-02-13 16:20
공시/메모,"선진뷰티사이언스, 주당 40원 결산 현금배당 결정",2024-02-13,3,https://n.news.naver.com/mnews/article/018/0005672347,[],"선진뷰티사이언스, 주당 40원 결산 현금배당 결정",[이데일리 김보겸 기자] 선진뷰티사이언스(086710)는 주당 40원 결산 현금배당을 결정했다고 13일 공시했다. 시가배당율은 0.4%이며 배당금총액은 4억8041만원이다. 배당기준일은 지난해 12월31일이다.,2024-02-13 15:31
공시/메모,"서호전기, 주당 1000원 결산 현금배당 결정",2024-02-13,3,https://n.news.naver.com/mnews/article/018/0005672342,[],"서호전기, 주당 1000원 결산 현금배당 결정",[이데일리 김보겸 기자] 서호전기(065710)는 주당 1000원 결산 현금배당을 결정했다고 13일 공시했다. 시가배당율은 5.0%이며 배당금총액은 49억원이다. 배당기준일은 지난해 12월31일이다.,2024-02-13 15:28
공시/메모,"서진시스템, 작년 영업익 572억…전년比 4%↓",2024-02-13,3,https://n.news.naver.com/mnews/article/018/0005672326,[],"서진시스템, 작년 영업익 572억…전년比 4%↓","[이데일리 김보겸 기자] 서진시스템(178320)은 지난해 연결 영업이익이 전년 대비 4% 감소한 572억원으로 집계됐다고 13일 공시했다. 같은 기간 매출액은 5.7% 증가한 7776억원, 당기순손실은 158억원으로 적자전환했다.",2024-02-13 15:19
공시/메모,"비씨월드제약, 주당 100원 결산 현금배당 결정",2024-02-13,3,https://n.news.naver.com/mnews/article/018/0005672325,[],"비씨월드제약, 주당 100원 결산 현금배당 결정","[이데일리 김보겸 기자] 비씨월드제약(200780)은 주당 100원의 결산 현금배당을 결정했다고 13일 공시했다.시가배당율은 1.54%, 배당금총액은 5억4273만원이다. 배당기준일은 지난해 12월31일이다.",2024-02-13 15:16
공시/메모,"이건홀딩스, 작년 영업손실 77억…적자전환",2024-02-13,3,https://n.news.naver.com/mnews/article/018/0005672323,[],"이건홀딩스, 작년 영업손실 77억…적자전환","[이데일리 김보겸 기자] 이건홀딩스(039020)는 지난해 연결 영업손실이 77억원으로 전년 대비 적자전환했다고 13일 공시했다. 같은 기간 매출액은 17.6% 감소한 1121억원, 당기순손실은 735.4% 증가한 91억원을 기록했다.",2024-02-13 15:12
공시/메모,"가온칩스, 가온칩스재팬과 556억 규모 AI반도체 설계개발 수주",2024-02-13,3,https://n.news.naver.com/mnews/article/018/0005672321,[],"가온칩스, 가온칩스재팬과 556억 규모 AI반도체 설계개발 수주",[이데일리 김보겸 기자] 가온칩스(399720)는 가온칩스 재팬과 556억원 규모 인공지능(AI) 반도체 ASIC 설계 개발 수주계약을 맺었다고 13일 공시했다. 이는 최근 매출액의 128.49%에 해당하는 금액이다. 계약기간은 지난 8일부터 내년 12월31일까지다.,2024-02-13 15:09
공시/메모,"유진테크놀로지, 71억 파생상품 거래손실 발생 [주목 e공시]",2024-02-13,4,https://n.news.naver.com/mnews/article/015/0004947712,[],"유진테크놀로지, 71억 파생상품 거래손실 발생 [주목 e공시]","이미지=유진테크놀로지유진테크놀로지는 71억원의 파생상품금융부채(전환사채) 평가손실이 발생했다고 13일 공시했다. 이 금액은 자기자본의 14.7%에 해당하는 규모다. 유진테크놀로지는 ""한국채택국제회계기준(K-IFRS)에 따라 전환사채에 부여된 파생금융상품을 공정가치로 평가해 회계상의 손익을 당기손익으로 계상하고 있다""며 ""주가 상승으로 전환사채 전환가격과 주가간 차이로 인해 파생상품 거래손실을 인식했다""고 밝혔다. 회사는 ""발생한 손실은 실제로 현실화하거나 현금 유출을 초래하지 않는다""고 설명했다.",2024-02-13 14:00
공시/메모,레이크머티리얼즈 작년 영업이익 295억원…전년 대비 16.6%↓,2024-02-13,4,https://n.news.naver.com/mnews/article/001/0014502190,[],레이크머티리얼즈 작년 영업이익 295억원…전년 대비 16.6%↓,레이크머티리얼즈 로고 [레이크머티리얼즈 홈페이지] (서울=연합뉴스) 코스닥 상장사 레이크머티리얼즈는 연결 기준 작년 한 해 영업이익이 295억원으로 전년보다 16.6% 감소한 것으로 잠정 집계됐다고 13일 공시했다. 매출은 1천178억원으로 전년 대비 10.4% 감소했다. 순이익은 243억원으로 10.7% 줄었다. 4분기 영업이익은 92억원으로 전년 동기보다 9.2% 줄었다. 이 분기 매출과 순이익은 각각 316억원과 64억원이었다. stock_news@yna.co.kr,2024-02-13 13:53
공시/메모,서진시스템 작년 영업이익 573억원…전년 대비 4%↓,2024-02-13,4,https://n.news.naver.com/mnews/article/001/0014501983,[],서진시스템 작년 영업이익 573억원…전년 대비 4%↓,서진시스템[서진시스템 홈페이지 캡처] (서울=연합뉴스) 코스닥 상장사 서진시스템은 연결 기준 작년 한 해 영업이익이 573억원으로 전년보다 4% 감소한 것으로 잠정 집계됐다고 13일 공시했다. 매출은 7천777억원으로 전년 대비 5.7% 증가했다. 순손실은 159억원으로 적자로 돌아섰다. 4분기 영업이익은 422억원으로 전년 동기보다 59.4% 늘었다. 이 분기 매출과 순이익은 각각 2천580억원과 226억원이었다. stock_news@yna.co.kr,2024-02-13 11:25
공시/메모,"에스티아이, 삼성전자와 769억 규모 반도체장비 계약",2024-02-13,4,https://n.news.naver.com/mnews/article/018/0005672318,['삼성전자'],"에스티아이, 삼성전자와 769억 규모 반도체장비 계약",[이데일리 김보겸 기자] 에스티아이(039440)는 삼성전자(005930)와 769억원 규모 반도체 제조장비 공급계약을 맺었다고 13일 공시했다. 이는 최근 매출액 대비 18.21% 수준이다. 계약기간은 지난 8일부터 5월31일까지다.,2024-02-13 15:04
공시/메모,"비씨월드제약, 작년 영업익 63억…전년比 242%↑",2024-02-13,4,https://n.news.naver.com/mnews/article/018/0005672317,[],"비씨월드제약, 작년 영업익 63억…전년比 242%↑","[이데일리 김보겸 기자] 비씨월드제약(200780)은 지난해 연결 영업이익이 전년 대비 241.9% 증가한 63억원을 기록했다고 13일 공시했다. 같은 기간 매출액은 3.3% 증가한 751억원, 당기순이익은 4738.6% 증가한 28억원으로 집계됐다.",2024-02-13 15:03
공시/메모,"셀바이오휴먼틱, 작년 영업익 28억…전년比 19%↓",2024-02-13,4,https://n.news.naver.com/mnews/article/018/0005672314,[],"셀바이오휴먼틱, 작년 영업익 28억…전년比 19%↓",[이데일리 김보겸 기자] 셀바이오휴먼텍(318160)은 지난해 연결 영업이익이 전년 대비 19.40% 감소한 28억원을 기록했다고 13일 공시했다. 같은 기간 당기순손실은 15억원으로 적자전환했다. 매출액은 0.80% 감소한 273억원으로 집계됐다.,2024-02-13 14:57
공시/메모,"인산가, 주당 50원 현금배당 결정",2024-02-13,4,https://n.news.naver.com/mnews/article/018/0005672299,[],"인산가, 주당 50원 현금배당 결정","[이데일리 김보겸 기자] 인산가(277410)는 주당 50원의 결산 현금배당을 결정했다고 13일 공시했다. 시가배당율은 2.7%, 배당금총액은 약 19억원이다. 배당기준일은 지난해 12월31일이다.",2024-02-13 14:40
공시/메모,이마트 작년 영업손실 469억원…적자 전환,2024-02-14,1,https://n.news.naver.com/mnews/article/001/0014504422,['이마트'],이마트 작년 영업손실 469억원…적자 전환,이마트[촬영 정유진] (서울=연합뉴스) 코스피 상장사 이마트는 연결 기준 작년 한 해 영업손실이 469억원으로 전년(영업이익 1천357억원)과 비교해 적자전환한 것으로 잠정 집계됐다고 14일 공시했다. 매출은 29조4천722억원으로 전년 대비 0.5% 증가했다. 순손실은 1천875억원으로 적자로 돌아섰다. 4분기 영업손실은 855억원으로 전년동기(영업이익 128억원)와 비교해 적자전환했다. 4분기 매출과 순손실은 각각 7조3천561억원과 1천71억원이었다. stock_news@yna.co.kr,2024-02-14 13:02
공시/메모,"휴온스, 작년 영업익 550억…전년비 34.6%↑ [주목 e공시]",2024-02-14,1,https://n.news.naver.com/mnews/article/015/0004948132,[],"휴온스, 작년 영업익 550억…전년비 34.6%↑ [주목 e공시]",휴온스는 작년 연간 영업이익이 전년 동기 대비 34.6% 늘어난 550억원으로 잠정 집계됐다고 14일 공시했다.같은 기간 매출액은 12.1% 증가한 5520억원을 기록했다. 순이익은 497억원으로 119.9% 늘었다.,2024-02-14 11:07
공시/메모,국내 ESG 공시기준 간담회,2024-02-14,1,https://n.news.naver.com/mnews/article/001/0014503914,[],국내 ESG 공시기준 간담회,"(서울=연합뉴스) 김소영 금융위원회 부위원장이 14일 오전 서울 중구 대한상공회의소에서 열린 국내 ESG 공시기준 간담회에 참석해 경제단체, 투자자, 유관기관, 학계 및 민간 전문가 등 자본시장 이해관계자들과 ESG 공시기준에 대해 논의하고 있다. 2024.2.14 [금융위원회 제공. 재판매 및 DB 금지] photo@yna.co.kr",2024-02-14 10:52
공시/메모,발언하는 김소영 금융위원회 부위원장,2024-02-14,1,https://n.news.naver.com/mnews/article/001/0014503913,[],발언하는 김소영 금융위원회 부위원장,"(서울=연합뉴스) 김소영 금융위원회 부위원장이 14일 오전 서울 중구 대한상공회의소에서 열린 국내 ESG 공시기준 간담회에 참석해 경제단체, 투자자, 유관기관, 학계 및 민간 전문가 등 자본시장 이해관계자들과 ESG 공시기준에 대해 논의하고 있다. 2024.2.14 [금융위원회 제공. 재판매 및 DB 금지] photo@yna.co.kr",2024-02-14 10:52
공시/메모,국내 ESG 공시기준 간담회,2024-02-14,1,https://n.news.naver.com/mnews/article/001/0014503911,[],국내 ESG 공시기준 간담회,"(서울=연합뉴스) 김소영 금융위원회 부위원장이 14일 오전 서울 중구 대한상공회의소에서 열린 국내 ESG 공시기준 간담회에 참석해 경제단체, 투자자, 유관기관, 학계 및 민간 전문가 등 자본시장 이해관계자들과 ESG 공시기준에 대해 논의하고 있다. 2024.2.14 [금융위원회 제공. 재판매 및 DB 금지] photo@yna.co.kr",2024-02-14 10:52
공시/메모,"환인제약, 4분기 영업익 65억…전년비 2.9% ↑",2024-02-14,1,https://n.news.naver.com/mnews/article/016/0002266344,[],"환인제약, 4분기 영업익 65억…전년비 2.9% ↑",[헤럴드경제=증권부] 환인제약은 지난해 4분기 연결기준 영업이익이 64억5100만원으로 전년동기대비 2.9% 증가했다고 14일 공시했다.같은 기간 매출액은 583억8600만원으로 11.9% 늘어난 것으로 나타났다.당기순이익은 75억6700만원으로 46.3% 증가한 것으로 잠정 집계됐다.,2024-02-14 11:25
공시/메모,"휴온스, 지난해 영업익 550억…전년비 34.6%↑·주당 330원 현금배당",2024-02-14,1,https://n.news.naver.com/mnews/article/016/0002266262,[],"휴온스, 지난해 영업익 550억…전년비 34.6%↑·주당 330원 현금배당","[헤럴드경제=증권부] 휴온스는 지난해 연결기준 영업이익이 549억9346만원으로 전년대비 34.6% 증가했다고 14일 공시했다.같은 기간 매출액은 5520억650만원으로 12.1% 늘어난 것으로 나타났다.당기순이익은 497억943만원으로 119.9% 증가한 것으로 집계됐다.또, 휴온스는 보통주 1주당 330원의 현금 결산배당을 결정했다고 공시했다.시가배당율은 0.95%이며 배당금총액은 39억1827만원이다.배당금지급 예정일자는 4월 19일이다.",2024-02-14 10:47
공시/메모,"휴온스, 4분기 영업익 110억…전년비 32.4% ↓",2024-02-14,1,https://n.news.naver.com/mnews/article/016/0002266257,[],"휴온스, 4분기 영업익 110억…전년비 32.4% ↓",[헤럴드경제=증권부] 휴온스는 지난해 4분기 연결기준 영업이익이 109억7800만원으로 전년동기대비 32.4% 감소했다고 14일 공시했다.같은 기간 매출액은 1452억2400만원으로 12.3% 증가한 것으로 나타났다.당기순이익은 91억9800만원으로 144.4% 늘어난 것으로 잠정 집계됐다.,2024-02-14 10:43
공시/메모,"톱텍, 주당 300원 현금배당 결정",2024-02-14,1,https://n.news.naver.com/mnews/article/016/0002266249,[],"톱텍, 주당 300원 현금배당 결정",[헤럴드경제=증권부] 톱텍은 보통주 1주당 300원의 현금 결산배당을 결정했다고 14일 공시했다.시가배당율은 4%이며 배당금총액은 109억3068만원이다.,2024-02-14 10:39
공시/메모,"삼정펄프, 지난해 영업익 74억…전년비 58% ↑",2024-02-14,1,https://n.news.naver.com/mnews/article/016/0002266244,[],"삼정펄프, 지난해 영업익 74억…전년비 58% ↑",[헤럴드경제=증권부] 삼정펄프는 지난해 개별기준 영업이익이 73억7534만원으로 전년대비 58% 증가했다고 14일 공시했다.같은 기간 매출액은 1783억806만원으로 2% 늘어난 것으로 집계됐다.당기순이익은 209억888만원으로 흑자전환했다.,2024-02-14 10:36
공시/메모,"NHN ""내실 경영으로 역대 최대 영업이익 목표""…첫 현금배당(종합)",2024-02-14,1,https://n.news.naver.com/mnews/article/001/0014503791,[],"NHN ""내실 경영으로 역대 최대 영업이익 목표""…첫 현금배당(종합)","결제·기술 분야 주도로 작년 영업이익 42% 늘어""올해·내년 게임 6종씩 출시…연말까지 종속회사 96개→70개 이하"" NHN 사옥 '플레이뮤지엄'[NHN 제공. 재판매 및 DB 금지](서울=연합뉴스) 김주환 기자 = NHN이 올해 내실 경영을 통한 역대 최대 영업이익 달성을 경영 목표로 제시했다. 정우진 대표는 14일 지난해 4분기 및 연간 실적을 발표하며 ""올해는 수익성 중심의 경영 기조를 이어 나갈 것""이라며 이같이 말했다. NHN은 연결 기준 작년 한 해 영업이익이 555억원으로 재작년보다 42.2% 증가한 것으로 잠정 집계됐다고 전날 공시했다. 매출은 2조2천696억원으로 전년 대비 7.3% 증가했다. 순손실은 90억원으로 전년 318억원 대비 적자 폭이 축소됐다. 다만 4분기에는 78억원의 영업손실을 내 재작년 4분기(영업이익 100억원)대비 적자 전환했다. 이 분기 매출은 5천983억원이었으며 순손실은 579억원이었다. 안현식 최고재무책임자(CFO)는 ""NHN커머스의 일회성 대손상각비, NHN클라우드의 공공사업 관련 매출 차감 영향이 반영됐다""며 ""이를 제외한 4분기 영업이익은 202억 원 정도로 추산한다""고 말했다. 연간 분야별 매출액은 결제·광고가 1조655억원으로 2022년 대비 19.7% 성장했고 게임 매출은 4천462억원으로 같은 기간과 비교해 1.9% 늘었다. 클라우드를 중심으로 한 기술 분야 연간 매출은 3천680억 원으로 2022년 대비 19.1% 늘었다. 콘텐츠 및 기타 사업 매출도 2천379억원으로 14% 늘었지만, 커머스 매출은 2천365억원으로 2022년과 비교해 27.6% 감소했다. 연간 영업비용은 총 2조2천141억원으로 2022년 대비 6.7% 증가했다. 영업비용 중에는 지급수수료가 67.3%를 차지했고 이어 인건비 20.7%, 감가상각비 4.2%, 광고선전비 3.5% 순으로 비중이 컸다. NHN의 지난해 지급수수료와 인건비는 재작년보다 각각 9.2%, 9.4%씩 증가했지만, 광고선전비는 38.2%, 통신비는 39.4% 줄어든 것이다. NHN은 올해 게임 신작으로 '다키스트데이즈'를 비롯해 '스텔라판타지', '우파루오딧세이 글로벌', '페블시티', '프로젝트 G' 등 총 6종의 자체 개발 또는 퍼블리싱 작품을 선보인다. 이밖에 '프로젝트 RE', '프로젝트 BA' 등 6종의 신작은 내년 출시를 목표로 개발 중이다. 정우진 대표는 ""다키스트데이즈는 3월 말 첫 비공개 베타테스트(CBT)를 통해 게임성을 검증하고 3분기 중 정식 출시할 계획""이라고 설명했다. 질의응답에서는 향후 시장 전망과 관련한 질문이 주로 나왔다. 웹보드 게임 월간 결제 한도 규제(현행 70만원)의 추가 완화 가능성에 대해 정우진 대표는 ""희망하고는 있지만 정부 의사결정을 기다리고 있다""면서도 ""웹보드 게임 플랫폼이 PC에서 모바일로 이동하고 있고 20∼30대 이용자도 늘고 있어 2024년도 견조한 성장을 전망하고 있다""고 말했다. 최근 네이버클라우드, 솔트룩스와 업무협약(MOU)을 체결한 것과 관련해 NHN클라우드 김동훈 대표는 ""NHN클라우드가 엔비디아, 그래프코어, 사피온 등이 만든 GPU에 기반한 국내 최대 인공지능(AI) 인프라를 갖추고 있는 만큼 국내 생성형 AI 기업과 다양한 서비스를 만들어 나갈 계획""이라고 답했다. 작년 3분기 분기 보고서 기준 96개에 달하는 연결 대상 계열사 구조조정 계획에 대한 언급도 나왔다. 안 CFO는 ""올해 말까지 연결 종속회사를 70개 이하로 줄이겠다는 목표를 정하고 실행하고 있다'며 ""핵심 사업과 시너지가 나지 않는 회사라면 기본적으로 이익이 나더라도 정리하는 기조""라고 설명했다. 한편, NHN은 창사 이래 첫 현금배당을 포함, 666억원 규모의 주주환원 정책을 결정했다고 이날 밝혔다. 배당금은 주당 500원씩 169억원 규모로 주주총회 승인을 거쳐 오는 4월 지급할 계획이다. 또 이날부터 오는 5월 13일까지 발행주식 총수의 2.25%인 자기주식 78만7천500주(200억원 규모)를 매입하고, 이미 취득한 자기주식 117만559주는 소각할 방침이다. jujuk@yna.co.kr",2024-02-14 10:21
공시/메모,국내상장기업 ESG 공시기준 이르면 내달 발표…2026년 도입,2024-02-14,1,https://n.news.naver.com/mnews/article/001/0014503722,['KB금융'],국내상장기업 ESG 공시기준 이르면 내달 발표…2026년 도입,"공시기준 기후분야부터 우선 검토…거래소 공시로 추진(서울=연합뉴스) 이율 기자 = 국내 상장기업들에 적용될 ESG(환경·사회책임·지배구조) 공시 기준 초안이 이르면 다음달 윤곽을 드러낸다. 금융당국은 이에 대한 의견수렴 절차를 거쳐 ESG 공시제도를 2026년 이후 도입할 예정이다. 김소영 금융위 부위원장, 자사주 제도 개선 간담회(서울=연합뉴스) 황광모 기자 = 김소영 금융위원회 부위원장이 30일 오후 서울 종로구 정부서울청사에서 열린 자사주 제도 개선 간담회에 참석해 발언하고 있다. 2024.1.30 hkmpooh@yna.co.kr 금융위원회는 14일 대한상공회의소에서 국내 ESG 공시 기준에 대해 논의하는 현장간담회를 열고 이런 계획을 밝혔다. 김소영 금융위원회 부위원장은 이날 모두발언에서 ""유럽연합(EU), 미국과 같은 주요 선진국들은 기후변화 대응, 저탄소 사회로의 이행을 위해 기업의 ESG 공시의무를 대폭 강화하는 추세""라면서 ""특히 EU의 강화된 공시제도는 EU 역내에서 활동하고 있는 우리 해외법인이나 글로벌 공급망에 편입된 국내기업에 상당한 영향을 미칠 것""이라고 전망했다. 그는 ""미국 등 주요국의 ESG 공시 의무화 논의가 지연되고 있는 점 등을 감안해 국내 상장기업들에 적용될 ESG 공시 제도를 2026년 이후 도입하기로 하고 구체적인 시기는 추후 관계부처와 논의를 거쳐 정하기로 했다""고 밝혔다. 그는 기업이 새로운 제도에 점진적으로 적응할 수 있도록 법적 부담이 상대적으로 적은 거래소 공시로 추진하는 방안과 제도 시행 초기에는 제재 수준도 최소한으로 적용하는 방안을 검토키로 했다며, 공시 기준도 국제적으로 공감대가 형성된 기후 분야부터 우선적으로 검토할 예정이라고 설명했다. 그는 미국, EU 등 주요국의 공시기준과 상호운용이 가능한 글로벌 공시기준을 기반으로 국내 공시기준을 제정해 기업의 이중공시부담을 완화하겠다고 약속했다. 우리나라는 미국, 유럽 등 선진국과 달리 제조업의 비중이 높아 탄소 감축이 쉽지 않은 구조적 특수성이 있는 점 등 국내 산업구조와 기업의 여건을 충분히 반영해 기업에 과도한 부담이 발생하지 않도록 하고, 기업 등 현장의 목소리도 적극 반영하겠다고 그는 덧붙였다. 간담회에서 참석자들은 이해관계자의 관점에서 ESG 공시 기준안에 대한 다양한 의견을 제시했다. 금융위는 이날 간담회 등을 통해 논의된 의견을 바탕으로 지속가능준비위원회(KSSB) 논의를 거쳐 국내 ESG 공시 기준 초안을 3∼4월 중 발표할 예정이다. 이날 간담회에는 금융감독원, 한국거래소, 한국회계기준원, 대한상공회의소, 경영자총협회, 상장회사협의회, 한국경제인협회, 국민연금기금, KB금융지주, NH-아문디 자산운용 관계자와 권미엽 삼일회계법인 파트너, 황정환 삼정회계법인 파트너, 김동수 김앤장 연구소장, 백복현·정준혁 서울대 교수 등 학계·민간 전문가들이 참석했다. yulsid@yna.co.kr",2024-02-14 10:00
공시/메모,"NHN ""내실 경영으로 역대 최대 영업이익 목표""…첫 현금배당",2024-02-14,1,https://n.news.naver.com/mnews/article/001/0014503705,[],"NHN ""내실 경영으로 역대 최대 영업이익 목표""…첫 현금배당","작년 영업이익, 결제·기술 분야 주도로 42% 늘어 NHN 사옥 '플레이뮤지엄'[NHN 제공. 재판매 및 DB 금지](서울=연합뉴스) 김주환 기자 = NHN이 올해 내실 경영을 통한 역대 최대 영업이익 달성을 경영 목표로 제시했다. 정우진 대표는 14일 지난해 4분기 및 연간 실적을 발표하며 ""올해는 수익성 중심의 경영 기조를 이어 나갈 것""이라며 이같이 말했다. NHN은 연결 기준 작년 한 해 영업이익이 555억원으로 재작년보다 42.2% 증가한 것으로 잠정 집계됐다고 전날 공시했다. 매출은 2조2천696억원으로 전년 대비 7.3% 증가했다. 순손실은 90억원으로 전년 318억원 대비 적자 폭이 축소됐다. 다만 4분기에는 78억원의 영업손실을 내 재작년 4분기(영업이익 100억원)대비 적자 전환했다. 이 분기 매출은 5천983억원이었으며 순손실은 579억원이었다. 연간 분야별 매출액은 결제·광고가 1조655억원으로 2022년 대비 19.7% 성장했고 게임 매출은 4천462억원으로 같은 기간과 비교해 1.9% 늘었다. 클라우드를 중심으로 한 기술 분야 연간 매출은 3천680억 원으로 2022년 대비 19.1% 늘었다. 콘텐츠 및 기타 사업 매출도 2천379억원으로 14% 늘었지만, 커머스 매출은 2천365억원으로 2022년과 비교해 27.6% 감소했다. 연간 영업비용은 총 2조2천141억원으로 2022년 대비 6.7% 증가했다. 영업비용 중에는 지급수수료가 67.3%를 차지했고 이어 인건비 20.7%, 감가상각비 4.2%, 광고선전비 3.5% 순으로 비중이 컸다. NHN의 지난해 지급수수료와 인건비는 재작년보다 각각 9.2%, 9.4%씩 증가했지만, 광고선전비는 38.2%, 통신비는 39.4% 줄어든 것이다. NHN은 올해 게임 신작으로 '다키스트데이즈'를 비롯해 '스텔라판타지', '우파루오딧세이 글로벌', '페블시티', '프로젝트 G' 등 총 6종의 자체 개발 또는 퍼블리싱 작품을 선보인다. '프로젝트 RE', '프로젝트 BA' 등 6종의 신작은 내년 출시를 목표로 개발 중이다. 한편, NHN은 창사 이래 첫 현금배당을 포함, 666억원 규모의 주주환원 정책을 결정했다고 이날 밝혔다. 배당금은 주당 500원씩 169억원 규모로 주주총회 승인을 거쳐 오는 4월 지급할 계획이다. 또 이날부터 오는 5월 13일까지 발행주식 총수의 2.25%인 자기주식 78만7천500주(200억원 규모)를 매입하고, 이미 취득한 자기주식 117만559주는 소각할 방침이다.jujuk@yna.co.kr",2024-02-14 9:56
공시/메모,"네오위즈, 작년 영업익 317억…전년비 62.2%↑ [주목 e공시]",2024-02-14,1,https://n.news.naver.com/mnews/article/015/0004948096,[],"네오위즈, 작년 영업익 317억…전년비 62.2%↑ [주목 e공시]",네오위즈는 작년 영업이익이 전년 동기 대비 62.2% 늘어난 317억원으로 잠정 집계됐다고 14일 공시했다.같은 기간 매출액은 24.1% 늘어난 3656억원을 기록했다. 당기순이익은 465억원으로 전년 동기 대비 252% 증가했다.,2024-02-14 9:54
공시/메모,"관리종목 지정 사유 발생한 동일철강, 주가 21% '급락'",2024-02-14,1,https://n.news.naver.com/mnews/article/015/0004948079,[],"관리종목 지정 사유 발생한 동일철강, 주가 21% '급락'","사진=게티이미지뱅크관리종목 지정 위기에 놓인 동일철강의 주가가 급락하고 있다.14일 오전 9시 26분 기준 동일철강은 전일 대비 286원(21.73%) 내린 1030원에 거래되고 있다. 주가는 한 때 1019원까지 하락하며 52주 최저가를 경신했다.한국거래소 코스닥시장본부는 전날 동일철강이 관리종목으로 지정될 수 있다고 공시했다. 동일철강은 최근 3사업연도 중 2사업연도에서 자기자본의 50%를 초과한 법인세비용차감전계속사업손실(법차손)이 발생했다고 공시했다. 지난 2021년 법차손 249억원에 법차손 비율 66.6%를 기록했으며, 지난해 법차손은 208억으로 줄어들었지만 자기자본 감소로 법차손 비율은 105.2%로 뛰었다.실적도 부진하다. 지난해 32억원의 영업손실을 기록하며 전년 대비 적자전환했다. 같은 기간 매출액은 33.4% 감소한 215억원, 당기순손실은 202억원으로 적자 폭이 커졌다. 회사 측은 ""봉강사업부 부진에 따라 적자 전환했다""며 ""대규모 지분법손실이 반영돼 법차손이 발생했다""고 말했다.",2024-02-14 9:34
공시/메모,"네오위즈, 'P의 거짓' 흥행에 작년 영업이익 62% 급증(종합)",2024-02-14,1,https://n.news.naver.com/mnews/article/001/0014503602,[],"네오위즈, 'P의 거짓' 흥행에 작년 영업이익 62% 급증(종합)","영업이익 317억…PC·모바일게임 동반 성장에 매출도 24% 늘어 경기 성남시 판교의 네오위즈 본사[네오위즈 제공. 재판매 및 DB 금지](서울=연합뉴스) 김주환 기자 = 네오위즈가 지난해 9월 출시한 PC·콘솔 게임 'P의 거짓'이 낸 성과에 힘입어 큰 폭의 실적 성장을 기록했다. 네오위즈는 연결 기준 지난해 영업이익이 317억원으로 재작년보다 62.2% 증가한 것으로 잠정 집계됐다고 14일 공시했다. 매출도 3천656억원으로 24.1% 증가했고 순이익은 465억원으로 252% 급증했다. 네오위즈는 'P의 거짓'이 호응을 얻으며 PC·콘솔 부문 매출 비중이 확대됐고, 모바일 게임 '브라운더스트2'의 출시 및 기존 모바일 게임의 안정적인 서비스로 모바일 매출도 증가했다고 설명했다. 전체 매출 중 해외 비중은 41%였으며 이 중 'P의 거짓'은 매출 92%가 해외에서 발생했다. 작년 4분기 영업이익은 151억원으로 전년동기(영업손실 28억원)와 비교해 흑자 전환했다. 4분기 매출은 1천94억원으로 전년 동기 대비 50.5% 증가했고 당기순이익은 28억원으로 흑자 전환했다. 작년 부문별 매출은 PC·콘솔 게임이 1천707억원으로 2022년 대비 35.1% 늘었고 모바일 게임은 1천547억원으로 같은 기간과 비교해 21.9% 증가했다. 유인촌 장관, 2023 대한민국 게임대상 시상식 참석(서울=연합뉴스) 유인촌 문화체육관광부 장관이 15일 부산 해운대구 벡스코에서 열린 2023 대한민국 게임대상 시상식에 참석해 'P의 거짓' 네오위즈 ROUND8 스튜디오 최지원 총괄디렉터에게 대상을 시상 후 기념 촬영하고 있다. 2023.11.15 [문화체육관광부 제공. 재판매 및 DB 금지] photo@yna.co.kr한편, 지난해 영업비용은 3천339억원으로 재작년에 비해 21.4% 늘었다. 네오위즈는 'IP(지식재산) 글로벌 팬덤 확보'를 중장기 사업 목표로 삼고 탄탄한 스토리 기반의 신규 IP(지식재산) 발굴에 힘쓸 계획이다. 또 'P의 거짓', 'DJMAX 리스펙트 V' 등의 팬덤을 공고히 할 방침이다. 특히, 'P의 거짓'은 출시 이후에도 꾸준한 판매량이 나오는 만큼, 연내 스토리 확장 DLC(다운로드 가능 콘텐츠)를 출시하고 차기작 개발에 집중한다. 네오위즈는 이와 함께 상반기 내 모바일 퍼즐 게임 '오 마이 앤'을 출시하고, 자회사 파우게임즈가 개발 중인 '영웅전설: 가가브 트릴로지'를 비롯해 스포츠 게임 '프로사커: 레전드 일레븐' 등도 올해 출시를 목표로 준비하고 있다고 덧붙였다.jujuk@yna.co.kr",2024-02-14 9:28
공시/메모,"서진시스템, 432억 규모 ESS 공급계약",2024-02-14,1,https://n.news.naver.com/mnews/article/016/0002266213,[],"서진시스템, 432억 규모 ESS 공급계약",[헤럴드경제=증권부] 서진시스템은 에이스엔지니어링과 ESS 공급계약을 체결했다고 14일 공시했다.계약금액은 431억8442만원으로 2022년 매출 대비 5.5%에 해당하는 규모이다.계약기간은 9월 19일까지다.,2024-02-14 10:11
공시/메모,"감성코퍼레이션, 지난해 영업익 325억…전년비 100% ↑",2024-02-14,1,https://n.news.naver.com/mnews/article/016/0002266209,[],"감성코퍼레이션, 지난해 영업익 325억…전년비 100% ↑",[헤럴드경제=증권부] 감성코퍼레이션은 지난해 개별기준 영업이익이 324억8909만원으로 전년대비 100% 증가했다고 14일 공시했다.같은 기간 매출액은 1779억4865만원으로 51.6% 늘어난 것으로 나타났다.당기순이익은 239억9701만원으로 59.1% 증가한 것으로 집계됐다.,2024-02-14 10:08
공시/메모,"케이카, 4분기 영업익 119억…전년비 24.6%↑·주당 190원 현금배당",2024-02-14,1,https://n.news.naver.com/mnews/article/016/0002266126,[],"케이카, 4분기 영업익 119억…전년비 24.6%↑·주당 190원 현금배당","[헤럴드경제=증권부] 케이카는 지난해 4분기 영업이익이 119억2200만원으로 전년동기대비 24.6% 증가했다고 14일 공시했다.같은 기간 매출액은 4956억600만원으로 8.6% 늘어난 것으로 나타났다.당기순이익은 48억2800만원으로 9.5% 감소한 것으로 집계됐다.또, 케이카는 보통주 1주당 190원의 현금 결산배당을 결정했다고 공시했다.시가배당율은 1.6%이며 배당금총액은 91억5459만원이다.",2024-02-14 9:07
공시/메모,"네오위즈, 지난해 영업익 317억…전년비 62.2%↑·주당 245원 현금배당",2024-02-14,1,https://n.news.naver.com/mnews/article/016/0002266118,[],"네오위즈, 지난해 영업익 317억…전년비 62.2%↑·주당 245원 현금배당","[헤럴드경제=증권부] 네오위즈는 지난해 연결기준 영업이익이 317억3071만원으로 전년대비 62.2% 증가했다고 14일 공시했다.같은 기간 매출액은 3656억4664만원으로 24.1% 늘어난 것으로 나타났다.당기순이익은 464억6783만원으로 252% 증가한 것으로 집계됐다.또, 네오위즈는 보통주 1주당 245원의 현금 결산배당을 결정했다고 공시했다.시가배당율은 0.9%이며 배당금총액은 49억9522만원이다.",2024-02-14 9:01
공시/메모,네오위즈 작년 영업이익 317억원…전년 대비 62.2%↑,2024-02-14,2,https://n.news.naver.com/mnews/article/001/0014503515,[],네오위즈 작년 영업이익 317억원…전년 대비 62.2%↑,네오위즈[네오위즈 제공] (서울=연합뉴스) 코스닥 상장사 네오위즈는 연결 기준 작년 한 해 영업이익이 317억원으로 전년보다 62.2% 증가한 것으로 잠정 집계됐다고 14일 공시했다. 매출은 3천656억원으로 전년 대비 24.1% 증가했다. 순이익은 465억원으로 252% 늘었다. 작년 4분기 영업이익은 151억원으로 전년동기(영업손실 28억원)와 비교해 흑자전환했다. 4분기 매출과 순이익은 각각 1천95억원과 28억원이었다. 4분기 영업이익은 연합인포맥스가 집계한 시장 전망치 177억원을 14.7% 하회했다. stock_news@yna.co.kr,2024-02-14 8:55
공시/메모,더블유게임즈 작년 영업이익 2천133억원…전년 대비 16%↑,2024-02-14,2,https://n.news.naver.com/mnews/article/001/0014503507,[],더블유게임즈 작년 영업이익 2천133억원…전년 대비 16%↑,(서울=연합뉴스) 코스피 상장사 더블유게임즈는 연결 기준 작년 한 해 영업이익이 2천133억원으로 전년보다 16% 증가한 것으로 잠정 집계됐다고 14일 공시했다. 매출은 5천823억원으로 전년 대비 5.7% 감소했다. 순이익은 1천922억원으로 흑자로 돌아섰다. 작년 4분기 영업이익은 628억원으로 전년 동기보다 21.9% 늘었다. 4분기 매출과 순이익은 각각 1천535억원과 467억원이었다. 더블유게임즈[더블유게임즈 제공] stock_news@yna.co.kr,2024-02-14 8:52
공시/메모,"더블유게임즈, 작년 영업익 2133억…전년비 16%↑ [주목 e공시]",2024-02-14,2,https://n.news.naver.com/mnews/article/015/0004948039,[],"더블유게임즈, 작년 영업익 2133억…전년비 16%↑ [주목 e공시]","이미지=더블유게임즈더블유게임즈는 연결 기준 지난해 영업이익이 전년 대비 16% 증가한 2133억원을 기록했다고 14일 공시했다.매출액은 같은 기간 5.7% 줄어든 5823억원을, 순이익은 흑자전환한 1922억원을 기록했다.",2024-02-14 8:42
공시/메모,"네오위즈, 4분기 영업익 151억…흑자전환",2024-02-14,2,https://n.news.naver.com/mnews/article/016/0002266113,[],"네오위즈, 4분기 영업익 151억…흑자전환",[헤럴드경제=증권부] 네오위즈는 지난해 4분기 연결기준 영업이익이 151억2500만원으로 전년동기대비 흑자전환했다고 14일 공시했다.같은 기간 매출액은 1094억9000만원으로 50.5% 늘어난 것으로 집계됐다.당기순이익 역시 28억400만원으로 흑자전환했다.,2024-02-14 8:57
공시/메모,"네오위즈, 4Q 영업익 151.2억…흑자전환",2024-02-14,2,https://n.news.naver.com/mnews/article/018/0005672717,[],"네오위즈, 4Q 영업익 151.2억…흑자전환","[이데일리 이용성 기자] 네오위즈(095660)는 지난해 4분기 연결기준 영업이익이 151억2500만원으로 흑자전환했다고 14일 공시했다. 매출액은 1094억9000만원으로 전년보다 50.5% 늘었다. 당기순이익은 28억400만원으로 흑자전환했다. 이에 따라 네오위즈는 지난해 영업이익이 317억원으로 전년보다 62.2% 늘었고, 매출액은 3656억원으로 전년보다 24.1% 증가했다. 당기순이익도 464억원으로 같은기간 252.0% 늘었다. 또한, 네오위즈는 주당 245원의 현금 배당을 하기로 결정했다. 시가 배당율은 0.9%다. 배당금 총액은 약 50억원 규모다. 배당 기준일은 지난해 12월 31일이다.",2024-02-14 8:54
공시/메모,"더블유게임즈, 4분기 영업익 628억…전년비 21.9% ↑",2024-02-14,2,https://n.news.naver.com/mnews/article/016/0002266111,[],"더블유게임즈, 4분기 영업익 628억…전년비 21.9% ↑",[헤럴드경제=증권부] 더블유게임즈는 지난해 4분기 연결기준 영업이익이 628억4000만원으로 전년동기대비 21.9% 증가했다고 14일 공시했다.같은 기간 매출액은 1534억7600만원으로 2.7% 감소한 것으로 집계됐다.당기순이익은 466억7200만원으로 흑자전환했다.,2024-02-14 8:54
공시/메모,"NHN KCP, 4분기 영업익 124억…전년비 3% ↑",2024-02-14,2,https://n.news.naver.com/mnews/article/016/0002266109,[],"NHN KCP, 4분기 영업익 124억…전년비 3% ↑",[헤럴드경제=증권부] NHN KCP는 지난해 4분기 연결기준 영업이익이 123억9400만원으로 전년동기대비 3% 증가했다고 14일 공시했다.같은 기간 매출액은 2683억5700만원으로 20.7% 늘어난 것으로 나타났다.당기순이익은 82억6600만원으로 18.1% 증가한 것으로 잠정 집계됐다.,2024-02-14 8:50
공시/메모,"더블유게임즈, 지난해 영업익 2133억…전년비 16%↑·주당 1000원 현금배당",2024-02-14,2,https://n.news.naver.com/mnews/article/016/0002266107,[],"더블유게임즈, 지난해 영업익 2133억…전년비 16%↑·주당 1000원 현금배당","[헤럴드경제=증권부] 더블유게임즈는 지난해 연결기준 영업이익이 2132억9202만원으로 전년대비 16% 증가했다고 14일 공시했다.같은 기간 매출액은 5823억3358만원으로 5.7% 감소한 것으로 나타났다.당기순이익은 1921억7408만원으로 흑자전환했다.또, 더블유게임즈는 보통주 1주당 1000원의 현금 결산배당을 결정했다고 공시했다.시가배당율은 2%이며 배당금총액은 165억2575만원이다.",2024-02-14 8:47
공시/메모,"NHN KCP, 4Q 영업익 123.9억…전년비 3%↑",2024-02-14,2,https://n.news.naver.com/mnews/article/018/0005672684,[],"NHN KCP, 4Q 영업익 123.9억…전년비 3%↑",[이데일리 이용성 기자] NHN KCP(060250)는 지난해 4분기 연결기준 영업이익이 123억9400만원으로 전년 동기 대비 3% 늘었다고 14일 공시했다. 같은 기간 매출액은 2683억5700만원으로 20.7% 늘었다. 당기순이익은 82억6600만원으로 18.1% 증가했다.,2024-02-14 8:32
공시/메모,NHN KCP 작년 영업이익 420억원…전년 대비 5.1%↓,2024-02-14,2,https://n.news.naver.com/mnews/article/001/0014503425,[],NHN KCP 작년 영업이익 420억원…전년 대비 5.1%↓,(서울=연합뉴스) 코스닥 상장사 NHN KCP는 연결 기준 작년 한 해 영업이익이 420억원으로 전년보다 5.1% 감소한 것으로 잠정 집계됐다고 14일 공시했다. 매출은 9천720억원으로 전년 대비 18.1% 증가했다. 순이익은 347억원으로 0.4% 줄었다. 4분기 영업이익은 124억원으로 전년 동기보다 3% 늘었다. 이 분기 매출과 순이익은 각각 2천684억원과 83억원이었다. stock_news@yna.co.kr,2024-02-14 7:49
